"category_id","category_name","press","title","content","reporter","date","link","timestamp"
"100","정치","MBC","오죽하면 대통령이 '말 끊었다'‥여권서도 ""최동석 부담돼""","과거 막말 논란에 휩싸인 최동석 인사혁신처장이 어제 국무회의에서 발언권을 얻었습니다. 처음 공개된 국무회의에서, '산업재해' 안건을 두고 격론이 벌어진 직후였습니다. [이재명 대통령] ""그러면 더 없으면… <제가 잠깐 말씀.> 간단하게 말씀하시죠."" [최동석/인사혁신처장] ""인사혁신처장 최동석입니다. 요새 유명해지고 있어서 대단히 죄송스럽습니다."" 신상과 관련해 간단히 언급한 최 처장은 산재 관련 발언에 나섰는데, 구체적인 대책을 논의하던 회의 흐름과는 무관한 발언을 하다 대통령에게 제지를 당했습니다. [최동석/인사혁신처장] ""뭘 해야 되느냐 하면 인간의 존엄성은 건드릴 수 없다는 이 철학적 배경이 없이는 이 규정만 가지고는 이 문제를 근본적으로 해결할 수 없다는 생각입니다. 왜 그러냐 하면…"" [이재명 대통령] ""네 그건 충분히 이해하겠고요. 결론만 요지를 말씀해 보시죠."" ""유명해지고 있어서 죄송하다""는 발언도, 농담이 섞인 듯한 말로 진지함 없이 눙치고 넘어가려 한 것 아니냐는 지적이 나왔습니다. 결국 최 처장은 국무회의 발언 4시간 반 만에 서면으로 추가 사과문을 냈습니다. 최 처장은 기자들에게 배포한 사과문에서 ""저의 비판으로 마음의 상처를 입은 분들께 죄송하다는 말씀을 드린다""고 밝혔습니다. 다만 ""향후 더욱 신중한 언행으로 국민 여러분의 눈높이에 걸맞은 공직자의 자세를 갖겠습니다.""라고 밝혀 사퇴론은 일축했습니다. 최 처장은 과거 문재인 전 대통령에 대한 원색적인 비난 발언과 박원순 서울시장의 성폭력 사건에 대한 옹호 발언 등으로 비판을 받아왔습니다. [최동석/인사혁신처장(6월 20일, 출처: '뉴탐사')] ""문재인도 인사에 관한 이용자도 모르는 사람이잖아. 그건 조국도 똑같고. 나는 문재인과 조국을 보면 아 어떻게 이럴까 이렇게 무식할 수가 있을까 이 분야에…"" 논란이 좀처럼 가라앉지 않으면서 여권 내에서도 우려의 목소리가 나오고 있습니다. [홍익표/더불어민주당 전 의원(7월 29일, YTN '정치ON')] ""매우 부적절한 발언이, 자꾸 과거에 했던 발언들이 복기되면서 도리어 국정운영의 동력이 이런 부분의 논란이 커지면서 부담스러워지는 거 아니냐, 이런 부분에 대한 우려는 커지고 있습니다."" [박범계/더불어민주당 의원(출처: CBS '김현정의 뉴스쇼')] ""과거의 그런 태도는 적어도 현 인사혁신처장으로서 직무를 수행하기에는 좀 어려운 그런 태도와 철학을 갖고 있었던 거 아닌가 하는 생각을 갖고 있습니다."" 최 처장 발탁 직후 일부 보수언론에선 그가 과거 '나꼼수'를 진행한 김용민 씨의 인척이라는 점을 짚기도 했는데, 김 씨 본인도 ""의절한 분""이라며 ""인사 책임자로서의 소양과 자질이 있다고 보지 않는다""고 사퇴를 촉구한 바 있습니다.","박소희 기자","2025-07-30 12:25:38","https://n.news.naver.com/mnews/article/214/0001439688","2025-07-30 PM 12:44:33"
"100","정치","YTN","'관세 협상'에 정치권 촉각...본회의 수 싸움 계속","[앵커] 미국의 상호관세 25% 부과 시한을 이틀 앞두고 정치권도 촉각을 곤두세우고 있습니다. 민주당은 윤석열 정부에서 막혔던 각종 쟁점 법안을 다음 주 처리할 방침인데, 국민의힘은 필리버스터를 통해 총력 저지한다는 방침입니다. 국회 연결합니다. 김다현 기자! [기자] 네, 국회입니다. [앵커] 관세 협상 시한이 얼마 남지 않았는데, 여야 분위기부터 정리해주시죠. [기자] 민주당은 정부의 관세 협상을 뒷받침하기 위해 물밑에서 총력 대응하겠다는 뜻이 확고합니다. 농해수위 위원들이 주축이 된 민주당 전국농어민위원회는 오늘(30일), 미국 대사관 앞에서 기자회견을 열어 트럼프 행정부는 대한민국 농어민의 희생을 강요하지 말라고 목소리를 높였습니다. 미국의 농축산물 시장 개방 압력에 농민 불안이 극에 달했다면서, 이런 통상 압력은 동맹이 할 짓은 아니라고 강도 높게 비판했습니다. [신정훈 / 더불어민주당 의원 : 대한민국 농업과 농민은 더 이상 쥐어짤 마른 수건이 아닙니다!] 협상 시한이 이틀밖에 남지 않은 만큼 지도부에서도 우려와 답답함이 섞인 목소리가 나오고 있습니다. 민주당 원내 핵심 관계자는 YTN과 통화에서 정부의 협상력을 키우는 전략으로 가는 수밖에 없다고 했는데요. 오늘 아침 미 대사관 앞의 기자회견도, 협상 테이블에 앉은 정부의 '운신의 폭'을 넓힐 수 있을 것으로 기대하는 눈치입니다. 국민의힘은 발언 수위를 높이고 있습니다. 국회 외교통일위원회 야당 간사 김건 의원은 일본과 유럽 연합보다 협상력이 부족해서 너무 짧은 시간 안에 무언가를 해야 하는, 벼랑 끝에 몰린 상황이라고 평가했습니다. 송언석 비상대책위원장도 쌀이나 30개월 이상 소고기 수입 문제 등이 논란이 될 수 있다면서, 특히 일본과 EU처럼 관세 15%를 마지노선으로 제시했습니다. [송언석 / 국민의힘 비상대책위원장 : 우리도 (일본과 EU처럼) 15%를 지키지 못한다면 그 협상이 굉장히 잘못된 협상 결과라고 국민께서 받아들일 가능성이 많습니다.] [앵커] 민주당에서는 쟁점 법안 처리에 속도를 내고 있죠? [기자] 7월 임시국회가 다음 주 월요일, 그러니까 다음 달 4일에 끝나는데요, 민주당은 입법 드라이브에 박차를 가하고 있습니다. 당장 어제는 윤석열 정부의 재의요구권에 막혀 두 차례 폐기됐던 '농업 2법'이 소관 상임위원회 문턱을 넘었습니다. 민주당은 다음 달 4일 본회의에서 노란봉투법과 상법 개정안, 방송 3법, 농업 2법 등 쟁점 법안들을 통과시킨다는 계획인데요. 국민의힘은 민주당 주도의 법안 처리 속도전에 반발해 무제한 토론, 필리버스터를 예고했고, 다음 주 의원 전원에게 비상 대기령을 내린 것으로 확인됐습니다. 야당 원내 핵심 관계자는 YTN에, 방송 3법과 상법개정안, 노란봉투법 등 5개 법안에 대해 필리버스터를 진행한다고 설명했습니다. 8월 5일 자정에 7월 임시국회가 끝나면, 곧바로 8월 임시국회를 소집해 필리버스터를 계속 이어간다는 계획입니다. 본회의 상정 순서가 중요할 수밖에 없는데, 민주당은 상황에 따라서 대처하겠다며 국민의힘이 더 이상 국정 발목잡기를 하지 않길 바란다고 경고했습니다. [앵커] 여야 당권 레이스 상황도 전해주시죠! [기자] 네, 더불어민주당 당 대표 선거에 나선 정청래, 박찬대 후보는 어제 8·2 전당 대회를 앞두고 진행된 마지막 TV 토론회에서 맞붙었습니다. 두 후보는 대부분의 사안에서 생각이 비슷했고요, 특히 조국 전 조국혁신당 대표의 사면에 대해서는 대통령의 고유한 권한이라며 말을 아꼈습니다. 직접 들어보시죠. [정청래 / 더불어민주당 당 대표 후보 : 민감한 사안에 대해서 대통령의 특수·고유 권한에 대해서 왈가왈부하는 것은 옳지 않다, 이런 생각이 듭니다.] [박찬대 / 더불어민주당 당 대표 후보 : 사면권자의 입장을 존중하고 우리는 의견을 좀 자제하고 다른 방식으로 전달하는 것이 적절하겠다….] 남북관계 방향에 대해서도 평화가 경제이고 민생이라며, 10월 말 열리는 에이펙 정상회의에 김정은 북한 국무위원장을 초청할 필요가 있다고 강조했습니다. 국민의힘 차기 당 대표 선출을 위한 전당대회도 오늘 후보 등록을 시작으로 닻을 올립니다. 지금까지 당 대표 출마 의사를 밝힌 건 김문수 전 고용노동부 장관과 조경태·안철수·장동혁·주진우 의원, 장성민·양향자 전 의원 등입니다. 찬탄-반탄파의 대결 구도를 중심으로, 인적 쇄신과 전한길 씨 입당, 신천지 논란 등 다양한 사안이 꼬여있습니다. 지금까지 국회에서 전해드렸습니다. ※ '당신의 제보가 뉴스가 됩니다' [카카오톡] YTN 검색해 채널 추가 [전화] 02-398-8585 [메일] social@ytn.co.kr","김다현 기자","2025-07-30 12:21:39","https://n.news.naver.com/mnews/article/052/0002226665","2025-07-30 PM 12:44:33"
"101","경제","연합뉴스","정의선, 관세협상 지원위해 워싱턴 간다…재계총수로는 두번째","김동관·이재용 이어 재계인사 총출동…車관세 인하 논의에 힘실을듯 정의선 현대차그룹 회장 [연합뉴스 자료사진] (서울=연합뉴스) 김보경 임성호 홍규빈 기자 = 정의선 현대차그룹 회장이 막판 총력전이 펼쳐지는 미국과의 관세 협상에 힘을 보태기 위해 미국으로 향한다. 이재용 삼성전자 회장에 이은 두 번째 재계 총수의 합류로, 다음 달 1일 데드라인을 앞둔 관세협상 담판을 위해 민관 총력전이 펼쳐질 전망이다. 30일 정부 관계자에 따르면 정 회장은 이날 오후 미국 워싱턴으로 출국할 예정이다. 정 회장은 현재 막판 논의가 진행 중인 관세협상을 돕고자 김동관 한화그룹 부회장, 이재용 삼성전자 회장에 이에 세 번째 재계인사로 미국행에 합류한다. 앞서 김동관 부회장은 한국이 미국 측에 제안한 조선 산업 협력 프로젝트인 '마스가'(MASGA·Make American Shipbuilding Great Again)의 구체화 등을 위해 지난 28일 워싱턴으로 떠났고, 다음날인 29일에는 재계 1위 삼성전자의 이재용 회장이 이를 따랐다. 이 회장은 우리측 협상 카드로서 미국 내 반도체 투자 확대 및 첨단 인공지능(AI) 반도체 분야 기술 협력을 제안할 것으로 알려졌다. 여기에다 글로벌 3위 완성차그룹 수장이자 앞서 트럼프 행정부와 함께 대규모 현지 투자를 발표한 정 회장이 이에 합류하면서 우리나라 관세협상단 행보에는 큰 힘이 실릴 것으로 전망된다. 현대차그룹은 지난 3월 정의선 회장이 직접 트럼프 대통령을 만나 미국 조지아주의 차량 생산 확대와 루이지애나주의 새로운 철강 공장 건설 등을 포함한 210억 달러 규모의 투자 계획을 발표했다. 정 회장은 지난 14일 이재명 대통령과 단독으로 만찬 간담회를 갖기도 했다. 강유정 대통령실 대변인은 이와 관련, ""이 대통령은 각 그룹 회장으로부터 대미 투자와 글로벌 통상, 지방 활성화 방안, R&D(연구개발) 투자 및 미래 사회 대응 계획 등 다양한 분야에 대한 의견과 애로사항을 청취했다""고 설명했다. 특히 지난 4월부터 수입산 자동차에 25%의 품목관세를 부과한 상황에서 한국의 최대 경쟁국인 일본과 유럽연합(EU)이 이를 15%로 내리는 데 성공하면서 정 회장의 역할을 더욱 커질 것으로 보인다. 애초 정부가 국내 기업들로부터 약속받은 직접투자액 '1천억달러+α'에서도 현대차그룹이 가장 큰 기여를 한 것으로 알려진 바 있다. vivid@yna.co.kr","","2025-07-30 12:27:44","https://n.news.naver.com/mnews/article/001/0015538347","2025-07-30 PM 12:44:33"
"101","경제","KBS","이재용·김동관도 협상 지원…반도체·조선업 협력?","[앵커] 방미일정에 들어간 이재용 삼성전자 회장과 김동관 한화그룹 부회장 등 기업인들도 관세협상에 힘을 보탤 것으로 보입니다. 특히 협상 막바지, 우리 조선업이 핵심 '지렛대'가 될 수 있을 거란 전망이 나옵니다. 김민경 기자입니다. [리포트] 김동관 한화그룹 부회장에 이어 워싱턴 DC에 도착한 이재용 삼성전자 회장. 미국과의 관세 협상을 측면에서 지원할 걸로 보입니다. 대미 반도체 투자 확대와 AI 반도체 기술 협력 등을 제안할 가능성도 거론됩니다. 일론 머스크 테슬라 CEO가 이 회장과의 화상회의에서 양사의 구체적 협력 방안을 논의했다고 밝혀 더욱 주목받고 있습니다. 트럼프 대통령은 대미 투자 확대를 요구하고 있는 상황. 미국은 4천억 달러 투자를 요구하고 있는 반면, 우리 정부는 천억 달러 대 투자액을 제안했습니다. 일본, EU에 비해 역부족입니다. 미국의 구매 요구도 마찬가지로 LNG 등 에너지와 무기를 더 사가라는데 다 충족시키긴 어렵습니다. 쌀과 30개월령 이상 소고기 시장 개방은 양보하기 어려운 문제입니다. 정부는 대신 수십조 원 규모의 조선업 협력 프로젝트 '마스가(MASGA)'를 제시했습니다. 트럼프 대통령의 정치 구호 '마가'에 '조선업'이란 단어를 넣은 건데, 미국 현지 조선소 건설과 미국의 전략 상선 건조, 여기 필요한 금융지원에 기술 이전, 인재 양성까지 맡겠단 겁니다. '마스가' 프로젝트 제안에 러트닉 미 상무장관도 만족한 거로 전해졌습니다. 다만 '예측 불가'인 트럼프 대통령과의 담판은 여전히 변수입니다. KBS 뉴스 김민경입니다. 영상편집:김근환 ■ 제보하기 ▷ 전화 : 02-781-1234, 4444 ▷ 이메일 : kbs1234@kbs.co.kr ▷ 카카오톡 : 'KBS제보' 검색, 채널 추가 ▷ 네이버, 유튜브에서 KBS뉴스를 구독해주세요!","김민경 기자","2025-07-30 12:04:16","https://n.news.naver.com/mnews/article/056/0011999294","2025-07-30 PM 12:44:33"
"102","사회","MBC","고객 집 강도짓 벌인 농협 직원 영장심사 출석‥범행 동기 질문에 묵묵부답","고객의 아파트에 침입해 흉기로 위협하고 금품을 빼앗은 혐의를 받는 30대 지역농협 직원 황 모 씨의 구속 여부가 오늘 결정됩니다. 황 씨는 오늘 오전 10시쯤 자신에 대한 구속영장 실질심사가 열리는 의정부지법에 출석했습니다. 황 씨는 정확한 범행 동기와 범행 이후 정상적으로 출근한 이유 등을 묻는 취재진의 질문에 아무런 대답을 하지 않고 법정 안에 들어갔습니다. 황 씨는 그제 새벽 2시쯤 경기 포천시 어룡동에 있는 아파트 3층에 침입해 80대 부부를 흉기로 위협하고 케이블타이로 두 손을 묶은 뒤 현금과 귀금속 등 6천5백만 원어치 금품을 빼앗아 달아난 혐의를 받고 있습니다. 경찰 조사에서 황 씨는 '피해자 부부가 이달 초 자신이 일하고 있는 지역농협을 찾았는데, 옆 창구 직원에게 현금 3억 원을 찾아가겠다고 말하는 것을 듣고 범행을 계획했다'는 취지로 진술했습니다.","조건희 기자","2025-07-30 12:26:24","https://n.news.naver.com/mnews/article/214/0001439687","2025-07-30 PM 12:44:33"
"102","사회","한국일보","""대출 필요하면 폰 개통해야""… '휴대폰깡' 조직 184명 일망타진","소액 대출 광고하고 ""폰 개통하면 자금 융통돼"" 할부로 200만 원 휴대폰 개통시켜 저가 매입 개통된 대포폰은 피싱범죄 등 타 범죄에 악용 게티이미지뱅크 소액 대출이 필요한 저신용자들로 하여금 휴대전화를 개통하게 유도하고, 개통된 대포폰을 사들여 국내외에 유통한 일당이 무더기로 경찰에 붙잡혔다. 서울경찰청 광역수사단 형사기동대는 2개 범죄조직 184명 전원을 특정경제범죄가중처벌법 위반(사기), 형법상 범죄집단조직 및 활동 혐의로 검거했다고 30일 밝혔다. 이들은 총책, 상담원, 조회업자, 개통 기사 등으로 구성됐으며 이 중 총책 등 3명은 구속 상태로 검찰에 송치됐다. 이들은 소액 대출을 원하는 사람들에게 고가의 최신 휴대폰을 할부 결제로 개통하게 하고, 이 휴대폰을 매입하면서 일부 금액만 현금으로 돌려주는 '휴대폰깡'을 한 혐의를 받는다. 일당은 인터넷에 대출 광고를 올린 뒤 소액 대출을 받고 싶다는 연락이 오면 ""일반 대출은 부결됐고, 휴대폰을 개통하면 이를 매입해 자금을 융통해 주겠다""며 휴대폰깡을 유도했다. 여기에 동의한 대출 희망자들이 개인정보를 넘기면, 대리점 내 개통·관리책 등을 통해 1대당 160~210만 원 상당의 최신 휴대폰을 2, 3년 약정으로 개통시켰다. 그리고 이 휴대폰을 사들이면서 대가로 60~80만 원의 현금을 건넸다. 경찰 관계자는 ""피해자 대부분은 신용도가 낮거나 경제적 어려움을 겪고 있는 사회초년생 등 20, 30대""라면서 ""당장 현금이 급하니 우선 할부로 휴대폰을 개통해 팔고 수십만 원을 챙기지만, 결국 할부금을 다 내지 못해 신용불량자가 되는 수순""이라고 설명했다. 이 같은 범행에 동원된 명의자는 1,057명, 개통된 휴대전화는 1,486대에 이른다. 이렇게 개통된 대포폰은 국내외로 불법 유통됐고, 일부 단말기와 유심은 피싱범죄, 도박, 투자리딩사기 등 다른 범죄에 악용되기도 했다. 경찰은 피의자들의 위법소득 약 94억 원에 대해서 과세처분을 하도록 국세청에 통보했고, 확인된 범죄수익금 16억2,000만 원 상당을 기소 전 몰수·추징 보전 조치했다.","김나연 기자","2025-07-30 12:24:10","https://n.news.naver.com/mnews/article/469/0000878916","2025-07-30 PM 12:44:33"
"103","생활/문화","YTN","[뉴스나우] 중복, 한낮 최고 기온 38도...8월 날씨 전망은?","■ 진행 : 윤보리 앵커 ■ 출연 : 반기성 케이클라이밋 대표 * 아래 텍스트는 실제 방송 내용과 차이가 있을 수 있으니 보다 정확한 내용은 방송으로 확인하시기 바랍니다. 인용 시 [YTN 뉴스NOW] 명시해주시기 바랍니다. [앵커] 삼복 더위 속 전국 대부분 지역에서 폭염 특보가 내려지며, 찜통 더위가 이어지고 있는데요. 반기성 YTN 재난위원과 함께 관련 이야기 나눠보겠습니다. 안녕하십니까? 오늘 중복입니다. 폭염 특보가 내려졌는데 얼마나 더운 겁니까? [반기성] 오늘도 전국이 폭염으로 끓을 것 같은데요. 현재 제주 한라산을 제외한 전국에 폭염특보가 내려져 있죠. 오늘 서울의 낮기온은 36도까지 오르면서 폭염이 이어지는데요. 초복이었던 지난 20일보다 낮기온이 5도가량 높고요. 평년 최고 기온보다도 5. 5도 높은 기온입니다. 한낮에 전주가 37도, 대전은 38도까지 치솟는 등 오늘도 35도를 웃도는 곳이 많겠고요. 그리고 이렇게 심한 더위는 당분간 계속될 것으로 보입니다. 주말인 토요일까지도 서울의 낮기온이 36도가 예상되고 열대야도 당분간 계속 이어지겠습니다. [앵커] 서울 한낮기온이 36도까지 올라간다는데 그렇다면 체감온도는 더 높을 거 아니에요? [반기성] 지금 같은 경우는 낮에는 습도가 약간 낮은 형태거든요. 그래서 36도, 35도 전후가 될 것으로 보입니다. [앵커] 그나마 다행인데요. 그런데 이번 여름이 유독 더운 것 같은데. 7월 평균 기온이 역대 두 번째로 높다고요? [반기성] 그렇습니다. 기상청이 어제 올여름 폭염과 열대야 현황을 발표했죠. 여름이 시작하는 6월 1일부터 그러니까 그제죠. 7월 28일까지 통계인데요. 폭염의 수는 14. 2일로 2위, 일최고 평균기온은 29. 9도로 역대 1위, 일평균 기온 평균은 24. 9도로 역대 1위가 됩니다. 그러니까 최고기온과 일평균 기온만 본다면 역대 1위가 되고 폭염일수는 3위니까 그 중간으로 2등으로 보면 될 것 같고요. 여기에 열대야 일수는 6. 5일로 역대 3위입니다. 다만 밤 최저 평균기온은 29도로 역대 1위에 해당합니다. 그런데 최고기온과 최저기온만 놓고 본다면 올해가 역대 현재까지 가장 더운 해라고 할 수 있습니다. [앵커] 열대야도 이어지고 있는데 이번 달 서울 열대야 일수가 21일그러니까 역대 7월 중 1위를 기록했다고요? [반기성] 그렇습니다. 올해 열대야 일수가 최고를 기록하고 있는 가장 큰 이유는 기온도 6월부터 계속 높은 기온이 유지됐고 두 번째로는 중간에 장마도 짧은 기간에 끝나버렸고 다음에 밤에 습도가 상당히 높습니다. 밤에 습도가 80% 이상 오르다 보니까 아침에 기온이 떨어지지 않고 복사냉각이 심해지지 않다 보니까 역대로 많은 열대야가 발생하고 있는 것이죠. [앵커] 그렇다면 이렇게까지 찜통더위가 지속되는 이유는 뭐라고 봐야 될까요? [반기성] 여러 가지 이유가 있습니다. 첫 번째로는 가장 큰 이유죠, 지구온난화라고 봐야 됩니다. 전 지구적으로 기온이 급속히 상승하면서 우리나라도 그 영향을 받는 것이라고 고고요. 두 번째는 북태평양고기압이 일찍 북상하면서 우리나라 상공에 머물러 있죠. 그러면서 지속적인 폭염을 가져오고 있고요. 세 번째로 6월부터 평년보다 기온이 높은 일수가 지속되었습니다. 여기다 장마가 활성화를 띠지 않았죠. 그러다 보니까 많은 날들이 햇볕이 강하다 보니까 일사량이 급속히 늘어나면서 땅이 데워진 것도 있고요. 매우 중요한 것은 티베트고기압이 뜨거운 공기가 우리나라 상공으로 들어왔죠. 이렇게 되면 지상에는 북태평양고기압, 상공에는 티베트고기압이 같이 겹치다 보니까 지상부터 상층까지 매우 뜨겁고 강한 고기압의 영향을 받게 됩니다. 이 경우 상층의 뜨거운 공기가 지상으로 내려오면서 더워지는 데다가 지상의 뜨거워진 공기는 위로 빠져나가지 못하게 되다 보니까 지표면이 계속 더워질 수밖에 없게 됩니다. 흔히 우리나라 상공에 두 겹의 이불이 덮고 있다. 열이 빠져나가지 못하는 형태다, 이런 얘기를 하는데 이건 기상학에서 열돔이라고 부르죠. 그리고 다섯 번째로 우리나라 기온이 평년보다 아주 높습니다. 이 경우 지상 기온에도 영향을 주면서 기온이 더 높게 유지되는 것도 하나의 원인으로 보고 있습니다. [앵커] 그렇다면 이 찜통더위가 언제까지 이어질 것인가. 8~9월 날씨은 어떤지 궁금하거든요. [반기성] 기상청 3개월 기상 전망에서 8월과 9월 모두 평년보다 더울 것이다라고 예상했죠. 일단 평년보다 높을 확률이 50%, 비슷할 확률이 40%인데 이렇게 보는 형태는 평년보다 더울 것이라는 예보를 말하는 건데요. 특히 8월 같은 경우 1주와 2주는 평년보다 덥지만 3주와 4주는 평년보다 매우 더울 것으로 예상했습니다. 그리고 저도 올여름은 평년보다 매우 무더운 여름이 될 것으로 일단 보고 있습니다. [앵커] 이렇게 덥다 보니까 온열질환자가 일주일째 세 자릿수를 기록하고 있습니다. 통계 집계 이후 최장 기록이죠? [반기성] 그렇습니다. 폭염 기세가 계속되다 보니까 하루 동안 전국 응급실에 이송된 온열질환자가 일주일째 매일 100명을 넘기고 있습니다. 그러니까 이렇게 7일 연속으로 온열질환자가 매일 100명 이상 발생한 것은 통계가 집계된 2011년 이후 처음이죠. 어제 29일 질병관리청에 의하면 전날 하루 동안 전국 500여 응급실을 찾은 온열질환자가 164명입니다. 온열질환은 7일째 매일 100명 이상 발생하고 있는데요. 올해 5월 15일 온열질환 관측 이래 누적된 온열질환은 2631명으로 사망자는 12명이 됩니다. 그러니까 이게 여름으로 가장 더웠던 게 작년인데 작년보다 온열질환자 수가 현재까지 2. 6배가 많이 발생하고 있고 사망자는 3배가 더 많은 편입니다. [앵커] 그렇다면 이렇게 더울 때 온열질환 등 건강 관리 어떻게 해야 될까요? [반기성] 당연히 온열질환 발생 가능성이 높습니다. 이렇게 기온이 높을 때는 야외활동이나 외출은 자제하시고요. 또 식중독이 많이 발생하거든요. 그러니까 음식 관리를 철저히 해 주시고 특히 영유아나 노약자, 임산부, 만성질환자는 체온을 조절할 수 있는 힘이 많이 떨어져 있기 때문에 온열질환에 걸리기가 쉽습니다. 특별히 건강관리에 유의하셨으면 좋겠고요. 지금 야외활동, 야외작업, 수해복구 이런 분들은 시원한 물, 쉴 수 있는 그늘을 반드시 갖추고 일하시고요. 가축들도 굉장히 폐사율이 늘어나고 있거든요. 그러니까 송풍장치를 가동해 주시고 축사 내부에 분무장치를 가동하고 특히 농가에서는 병해충 발생 가능성도 높습니다. 그래서 농작물을 미리 살펴주고 방제를 해 주는 것이 좋겠고요. 어쨌든 수시로 수분 섭취를 해 주고 장시간 운동작업이나 나홀로 작업은 자제하시고 전력 사용량이 증가하고 있습니다. 그래서 에어컨 실외기 화재나 정전에 대비를 하시면 좋겠고요. 또 물놀이가 늘어나고 있기 때문에 안전사고에도 각별히 주의해야 하겠습니다. [앵커] 끝으로 러시아 캄차카 반도 동쪽 바다에 규모 8. 7 지진이 발생했다고 합니다. 일본에 3시간 내 쓰나미 경보가 발령됐는데우리나라에는 영향이 없을까요? [반기성] 일단 러시아 캄차카 반도에서는 오늘 아침 오전 규모 8. 7의 강진이 발생하면서 일본 기상청이 쓰나미 주의보를 발령했다가 9시 40분부로 경보로 상향 조정 발표를 했죠. 일본 기상청 쪽은 일본 동해안 쪽으로 쓰나미경보를 발령했습니다. 그리고 미국 지질조사국은 미국 알래스카, 서부 해안 전체에 쓰나미 경보를 발령했고 하와이에는 대피경보를 발령했습니다. 캐나다도 서부 해안 쪽으로 쓰나미 경보를 발령했고요. 그리고 중남미, 남미의 서해안 지역 국가, 칠레, 페루도 쓰나미 적색경보를 발표를 했고요. 미국 태평양 쓰나미정보센터는 괌, 하와이, 필리핀 0. 3~3m 수준의 쓰나미 도달을 예보했고요. 우리나라 같은 경우 울릉도 지역, 북한, 타이완 지역에도 0. 3m 미만에 쓰나미가 감지될 수 있다고 발표했습니다. 그리고 인도네시아 등 일부 지역에 쓰나미 가능성을 발표했습니다. 다만 쓰나미는 바다를 지나오는 파죠. 그렇기 때문에 우리나라 쪽으로 일본의 훗카이도 역이 막아주고 있거든요. 그래서 우리나라는 큰 영향이 없을 것으로 예상되고요. 기상청 관계자는 오늘 오후 1시 30분쯤 울릉도 쪽으로는 수위가 약간 올라갈 수 있다라고 전망을 하고 있습니다. [앵커] 알겠습니다. 오늘 말씀 여기까지 듣겠습니다. 지금까지 반기성 YTN 재난위원과 함께했습니다. 고맙습니다. ※ '당신의 제보가 뉴스가 됩니다' [카카오톡] YTN 검색해 채널 추가 [전화] 02-398-8585 [메일] social@ytn.co.kr","","2025-07-30 12:05:12","https://n.news.naver.com/mnews/article/052/0002226650","2025-07-30 PM 12:44:33"
"103","생활/문화","오마이뉴스","[그럭저럭 어른 행세] 출산 후 15년, 이제야 탯줄을 자른 기분입니다","부모인 나도 나지만 부모가 아닌 나도 나... 나로 잘 살아보려고요자식 키우느라 정신없지만, 자식의 미래가 내 미래는 아니니 나 자신을 더 챙기고 싶은, 오늘도 그럭저럭 어른 행세를 하며 살아가는 삶을 글로 담습니다. <편집자말> 어쩌면 나는 극성맘 큰 아이(현 고1)가 중학교 시절에 있었던 일이다. 평소에 책에 관심이 많았기에 보호자 독서모임에 가입했다. 초등학교 때는 그림책 독서모임을 즐겁게 했었기에 중학교 독서모임에 대한 기대감이 있었다. 처음엔 괜찮았다. 많은 이들이 좋은 책을 추천하고, 열심히 읽었다. 책에 관한 토론을 할 수 있었고, 각자의 경험을 공유하며 이야기가 다른 책으로 이어지기도 했다. 그러나 그것도 잠시, 독서를 할 시간이 없는 자녀를 '대신해' 읽을 중고등학생 입시 필독서가 추천 도서로 올라왔다. 급식 대신 빵과 우유가 나오는 날이면 어김없이 영양사와 조리원에 대한 타박으로 이어졌다. 종례 후 학생들에게 청소를 너무 많이 시킨다며 기간제 교사인 담임이 다음에 계약을 못하게 교원평가에서 혼쭐을 내주겠다는 말을 하는 사람도 있었다. 여교사는 이래서 문제라는 말도 나왔다. 공개 수업 이후에는 기간제 교사가 수업을 더 잘한다며 고용안정성이 낮아야 좋다는 말을 하고, 틈만 나면 사교육 정보 공유, 특목고 입시 이야기가 나왔다. 하루에 한 편씩 나온다는 웹소설 이야기가 독서 토론의 전부인 시간도 있었다. 학교애서는 학생들에게 인간은 평등하고 모두의 인권이 소중하다고 가르치는데 이게 맞는 건지 의문이 들었다. 중학생 부모들은 다 이렇게 사는데 내가 유별나서 적응을 못하는 게 아닐까란 생각이 들었다. 이대로 괜찮은 건지 알고 싶었다. 성인 자녀들을 둔 육아 선배들에게 물었다. ""아뇨, 다 그렇지 않아요. 주변에 너무 극성이 많아서 그런 걸 수도 있고, 알고 보면 본인이 극성일 수도 있어요."" 순간 정신이 들었다. 나는 극성맘이 아니라고 생각하며 살았는데 육아에 극성인 집단에 있어서 나를 모르고 살았을 수도 있겠다는 생각이 들었다. <오마이뉴스>에 육아에 관한 글을 쓰고 있었는데 더이상 관련 글을 쓰기가 힘들어졌다. 내가 제대로 하고 있는 게 맞는 걸까. 독서 모임에 있던 사람들과 내가 크게 다르지 않는데 이런 내가 아이들에 대해 이야기하고 뭔가를 나눌 자격이 있을까. 시간이 맞지 않는다는 핑계를 대고 독서 모임에서 나왔다. 그래도 몇몇 단톡방은 유지하고 있었는데 계엄 때도 입시 정보와 학생들 문화 체험 활동을 공유하는 게 전부인 모습을 보며 '조용히 나가기' 버튼을 눌렀다. 신기하게도 단톡방에서 나가니 아이들의 미래에 대한 불안이 점차 줄어들기 시작했다. 나의 삶을 찾아서 독서모임 대신 바느질을 시작했다. 뜨개질도 하고 그림도 그렸다. 투자도 하고 보고 싶은 책도 잔뜩 읽었다. 아이는 동네의 평범한 일반고등학교에 진학했다. 이번 학교에서도 보호자 독서모임이 있었지만 거리를 두었다. 언론이 현 고1을 '마루타 세대'라고 욕하지만 그런 건 잘 모르겠고, 아이는 좋은 선생님, 착한 친구들과 함께 즐겁게 지내고 있다. 독서모임 대신 소셜미디어를 시작했다. 나를 위해 차린 예쁜 식사 사진과 아름답게 본 풍경 사진을 올렸다. 아이들이 들려주는 학교 이야기와 내가 만난 사람들의 이야기들, 읽은 책 이야기를 올렸다. 나를 전부 담을 순 없었지만 엄마가 아닌 그저 '덜 자란 어른'으로서의 나를 보여주기엔 부족함이 없었다. ▲ 소셜미디어에서 만난 친구에게 선물받은 찻잔 나와 결이 맞는 사람이 꼭 주변에만 있으란 법은 없다. 소셜미디어에서 만난 사람들과 시간 맞을 때 만나 함께 맛있는 식사를 하고 사는 이야기를 나눈다. 마음에 맞는 사람들을 만나 책을 선물하기도 하고, 함께 필사를 하기도 하며 시간을 보낸다. ⓒ 임은희 소셜미디어에서도 친구들이 생겼다. 함께 만나 맛있는 음식을 먹고 적당한 거리라 할 수 있는 이야기들로 시간을 채운다. 잘 놀고 먹으려니 함께 놀 친구들이 필요했다. 금전적으로 이유로 고민 중인 지인들을 돕기 시작했다. 금융 생활을 시작하고 싶다는 친구의 인터넷 은행 계좌를 열어주었다. 증권 계좌를 만드는 법과 ISA 투자 방법을 가르쳐주었다. 친구는 내게 맛있는 식사를 대접했고, 나는 친구 계좌를 보며 매수할 종목을 골라주고, 매도 방법을 알려주었다. 수익률이 200%를 넘겼을 때 우리는 열무국수를 만들어 먹으며 축하파티를 했다. 읽고 싶은 책을 마음껏 읽으며 산다. 대런 애쓰모글루의 책을 읽는 독서 모임에 가입해 민주주의 관련 책들을 읽는 중이다. 친구와 둘이서 막스 베버의 책을 함께 읽었다. 지난주에는 에밀 뒤르켐을 읽었고, 이제 마르크 블로크의 책을 읽을 예정이다. 정신적 탯줄을 자르기 아이들에게 뭘 가르치고 싶을 때마다 생각했다. ""내가 뭐라고."" 대신 옳다고 믿는 것을 행동으로 표현하기 시작했다. 마침 친구의 추천으로 다양한 시민 활동을 하는 사회적 협동조합에 가입했다. 그곳에서 보고 들은 이야기들을 식구들에게 이야기 하는 것이 전부다. 부모는 민주당을 지지하고 아들은 극우 또는 우경화 한 가정이 주변에 제법 있다. 나 역시 아들을 키우기에 걱정이 컸는데 걱정한다고 미래가 바뀌진 않을 것 같았다. 그런 의미에서 윤석열 내란 행위에 대한 손해배상 소송에 참여 신청을 하고 아이들에게 신청 이유를 말했다. 부자는 아니지만 그럭저럭 먹고 살만하다. 최고의 부모는 아니지만 그럭저럭 아이들 밥은 굶기지 않는다. 윤리적으로 완벽하진 않지만 어떤 부분에 있어서는 윤리적인 사람으로 살고자 노력한다. ""엄마도 부족한 점이 많아. 화도 잘 내고 평범한 사람이라 너희한테 미안하기도 하지만 이게 나라서 어쩔 수가 없어. 나는 나의 일을 할 테니 너희는 너희의 일을 해. 그리고 서로의 선택과 일을 존중하자."" 이제야 아이들과 나 사이의 탯줄을 제대로 자른 느낌이 든다. 부모인 나도 나지만 부모가 아닌 나도 여전히 나다. 그 점을 누구보다도 내가 잘 기억하며 그럭저럭 어른 행세를 하며 잘 살아야겠다. 아이들은 괜찮아, 어른인 내가 문제지! group 그럭저럭 어른 행세 : https://omn.kr/group/2025_adult 쩨쩨하고 궁핍하지만, 울고 웃고 버티며 오늘도 그럭저럭 어른 행세를 하며 살아가는 삶을 글로 담습니다.","","2025-07-30 12:02:14","https://n.news.naver.com/mnews/article/047/0002482813","2025-07-30 PM 12:44:33"
"104","세계","서울경제","""몸에 좋대서 매일 3시간씩 걸었는데""…'이렇게' 걸으면 아무 효과 없다는데","15분 빠르게 걷기 운동, 사망률 감소 효과 느리게 걷기는 유의미한 효과 없어 이미지투데이 [서울경제] 걷기 운동 속도에 따라 효과가 극적으로 달라진다는 연구 결과가 나왔다. 하루 15분만 빠르게 걸어도 모든 사망 위험을 20% 가까이 낮출 수 있는 반면, 느리게 3시간을 걸을 경우엔 사망 위험 감소 효과가 거의 없었다. 미국 밴더빌트대학교 웨이 정 교수 연구팀은 30일 ‘미국 예방의학 저널(American Journal of Preventive Medicine)’에 실린 논문을 통해, 미국 남동부 성인 약 8만명을 대상으로 16.7년간 걷기 속도와 사망률 간 상관관계를 추적한 대규모 코호트 연구 결과를 공개했다. 연구에서 걷기 속도는 일상 활동, 반려견 산책 등은 '느리게 걷기'로, 계단 오르기, 빠른 보행, 운동 등은 '빠르게 걷기'로 분류했다. 걷기 시간은 0분, 30분 미만, 30~60분, 60분 이상으로 나누고, 빠른 걸음 그룹은 다시 15분 미만과 15~30분, 60분으로, 느린 걸음 그룹은 30분 미만, 30~60분, 60~180분, 180분 이상으로 세분화했다. 참가자들의 인종은 흑인 66%, 백인 30%, 기타 4%였고, 54% 이상이 연소득 1만5000 달러 미만의 저소득층이었다. 추적 기간 사망자는 2만6862명이었다. 분석 결과, 하루 단 15분이라도 빠르게 걸으면 전체 사망률이 19% 감소하는 것으로 나타났다. 반면에 느리게 걷기는 3시간 이상인 경우 사망 위험이 4%, 3시간 미만은 1~2% 감소했으나, 이는 통계적으로 유의미한 수준에 못 미치는 것이다. 빠르게 걷기는 미국 내 사망 원인 1위인 심혈관 질환 사망도 크게 줄여주는 것으로 나타났다. 하루 60분 이상 빠르게 걷는 사람은 심혈관 질환 사망 위험이 걷지 않는 사람보다 27% 낮은 것으로 분석됐다. 연구팀은 빠르게 걷기가 심장의 효율성과 수축 기능을 개선하고, 비만 및 이와 관련된 고혈압과 고지혈증 같은 심혈관 위험 요소를 줄여 심혈관 질환 사망률을 낮추는 것일 수 있다고 설명했다. 정 교수는 ""빠르게 걷기는 나이나 체력 수준에 관계없이 누구나 심혈관 등 건강을 위해 쉽게 할 수 있는 운동으로, 사회경제적 수준이 낮은 인구의 건강 격차 해소를 위한 전략으로 빠르게 걷기를 장려할 수 있다”고 말했다. &#160; ""몸에 좋대서 매일 3시간씩 걸었는데""…'이렇게' 걸으면 아무 효과 없다는데","김수호 기자","2025-07-30 12:27:13","https://n.news.naver.com/mnews/article/011/0004515219","2025-07-30 PM 12:44:33"
"104","세계","SBS","캄차카반도에 8.8 초강진…3∼4ｍ 쓰나미에 러 항구도시 홍수","▲ 일본의 쓰나미 경보 보도 30일(현지시간) 러시아 동부 오호츠크해에 접한 캄차카반도에 강진이 잇따라 발생해 근처 지역에 일부 재난이 발생했습니다. 러시아와 일본에는 쓰나미 경보와 함께 해안가 주민에 긴급 대피 명령이 떨어졌고, 하와이와 필리핀 등도 쓰나미에 대비 중입니다. 캄차카반도에서 지진 피해가 대규모로 발생했다는 소식은 아직 들려오지 않는 가운데 해당 지역의 항구 도시에서는 쓰나미로 인한 침수 피해가 일부 보고됐습니다. 미국지질조사국(USGS)에 따르면 이날 오전 11시 24분 캄차카반도 동쪽 바다에 규모 8.8의 초강진이 발생했습니다. 진앙은 인구 18만7천 명이 있는 러시아 페트로파블롭스크-캄차츠키에서 동남쪽으로 110㎞ 떨어진 곳입니다. 진원의 깊이는 20㎞로 조사됐습니다. 유럽지중해지진센터(EMSC)와 USGS는 애초 이 지진의 규모를 8.7로 관측했습니다. USGS는 나중에 규모를 상향 조정했습니다. 첫 강진 24분 뒤인 오전 11시 48분에는 페트로파블롭스크-캄차츠키에서 남남동쪽으로 99㎞ 떨어진 바다에서 다시 규모 7.0의 강진이 발생했습니다. 곧이어 캄차카 동쪽 바다에서 오후 12시 9분 규모 6.5, 12시 16분께 규모 6.5의 지진이 연이어 발생했으며, 이후로는 규모 5.0 이상의 여진이 이어지고 있습니다. 러시아 지질당국은 규모 8.8의 지진은 러시아 극동 지역에서 1952년 이후 73년 만에 발생한 가장 큰 규모의 지진이었다고 밝혔습니다. 블라디미르 솔로도프 캄차카 주지사도 텔레그램에 올린 영상에서 ""오늘 지진은 심각했고, 수십 년 만에 가장 강력했다""고 밝혔습니다. 지진으로 인해 심각한 인명 피해가 발생했다는 소식은 현지에서 나오지 않고 있습니다. 러시아 관영매체에 따르면 캄차카 보건당국은 지금까지 파악한 바로는 지진 여파로 부상자들이 발생했으나 중상자는 없다고 밝혔습니다. 미국 태평양쓰나미경보센터(PTWC)는 첫 지진 이후 러시아와 일본에 3시간 이내에 위험한 쓰나미가 닥칠 수 있다는 경보를 발령했습니다. 캄차카 당국자는 일부 지역에 3∼4ｍ 높이의 쓰나미가 관측됐다고 밝혔습니다. 러시아 비상사태부는 성명을 통해 쓰나미가 해안을 강타하면서 세베로쿠릴스크의 항구 도시가 침수됐다고 밝혔습니다. 세베로쿠릴스크는 캄차카 반도 최남단 아래에 있는 섬에 있는 도시입니다. 러시아는 캄차카반도 해안 주민들에게 대피령을 내린 상태입니다. 일본 기상청도 홋카이도와 혼슈 태평양 연안부에 쓰나미 경보, 규슈와 시코쿠 태평양 연안부 및 홋카이도 북부 등에는 쓰나미 주의보를 각각 내렸습니다. 홋카이도 동부에는 최고 3ｍ 높이의 쓰나미가 도달할 것이라는 예측이 나왔으나 현지 언론은 30㎝ 높이의 쓰나미가 관측됐다고 전했습니다. 일본 정부는 쓰나미 경보가 발령된 전역에 긴급 대피령을 내렸습니다. 하와이 호놀룰루 등도 ""파괴적 쓰나미가 예상된다""면서 해안에 대피령을 내렸고, 필리핀, 뉴질랜드 등도 캄차카반도 지진 여파에 대비에 들어갔습니다. 한반도 해안에는 0.3ｍ 미만의 쓰나미가 올 수 있다는 초기 예측이 있었으나, 기상청은 캄차카반도 지진이 국내에 주는 영향은 없을 것이라고 밝혔습니다. 캄차카반도는 지각 활동이 활발해 '불의 고리'(Ring of Fire)로 불리는 환태평양 조산대에 있어 크고 작은 지진이 자주 발생합니다. 일본 기상청도 홋카이도에서 규슈까지 태평양 연안에 쓰나미 주의보를 내렸다고 밝히고 ""쓰나미가 반복적으로 닥칠 것이다. 주의보가 해제될 때까지 바다에 들어가거나 해안가에 접근하지 말라""고 당부했습니다. 일본에 닥칠 수 있는 쓰나미의 높이는 최대 3ｍ로 예상됐습니다. NHK 방송은 일본 정부가 긴급 대피 명령을 내렸다고 보도했습니다. 러시아 당국도 해안 지역 주민에게 대피할 것을 권고했다고 로이터는 전했습니다. PTWC는 한반도 해안에는 0.3ｍ 미만의 쓰나미가 올 수 있다고 예측했습니다. 캄차카 반도는 지각 활동이 활발해 '불의 고리'(Ring of Fire)로 불리는 환태평양 조산대에 있어 크고 작은 지진이 자주 발생합니다. (사진=AP, 연합뉴스)","","2025-07-30 12:10:06","https://n.news.naver.com/mnews/article/055/0001279777","2025-07-30 PM 12:44:33"
